line,item,qty,spec,supplier,unit_cost_usd,make_buy,notes
1,Bottom panels,2,"Okoume marine plywood (BS 1088) 6 mm, 1220 x 2440 mm sheet; cut to the aft bottom (1800 x 1052) on one sheet, the forward flat bottom (900 x 1052) and bow rake panel (921 x 1052 to 1108) on the other",Plywood dealer or boatyard,90.00,Make,"Light timber specification (LSK-DDR-003); glass cloth outside only (line 23), none inside the floor; offcut gives the bow deck. Price basis: okoume 6 mm sheet from an Indian plywood importer, about USD 90 (2026 estimate, to confirm)"
2,Side panels,2,"Okoume marine plywood (BS 1088) 4 mm, 1220 x 2440 mm sheet; four panels 1800 long, 400 high aft, forward panels cut to the bow rake",Plywood dealer or boatyard,65.00,Make,"Two panels per sheet; 4 mm sides (LSK-DDR-003). Price basis: okoume 4 mm sheet, about USD 65 (2026 estimate, to confirm)"
3,Stern transom and 9 mm parts,1,"Okoume marine plywood (BS 1088) 9 mm, 1220 x 2440 mm sheet; stern transom 1054 to 1164 wide x 394 high, bow transom (line 4) and step float top deck 600 x 450",Plywood dealer or boatyard,98.00,Make,"Sheet about USD 120 (okoume 9 mm, 2026 estimate, to confirm), shared with line 4; offcut kept for repairs"
4,Bow transom,1,"Share of the line 3 sheet; about 1109 wide at the bottom edge to 1164 at the top x about 196 high, bottom edge bevelled to the rake",Cut from the line 3 sheet,22.00,Make,Cost is the share of the line 3 sheet
5,Joint bulkheads and 6 mm parts,1,"Okoume marine plywood (BS 1088) 6 mm, 1220 x 2440 mm sheet; two bulkheads 1054 to 1164 wide x 394 high, bow box wall, step float bottom deck",Plywood dealer or boatyard,90.00,Make,Price basis as line 1. Corrected to 6 mm to match the model and LSK-DDR-002 C9 (the line said 9 mm)
6,Ring frames,9,"Softwood (pine, fir or similar, about 500 kg/m3, kiln dried, clear grade) 20 x 45 mm, per metre; three rings of four members (transom and the two joint bulkheads), half-lapped at the corners",Timber yard,2.00,Make,"About 8.4 m used; Softwood framing (LSK-DDR-003). Price basis: clear softwood about USD 2 per metre at this section (2026 estimate, to confirm)"
7,Inwales,8,"Softwood (pine, fir or similar, about 500 kg/m3, kiln dried, clear grade) 20 x 40 mm, per metre; four lengths of about 1.74 to 1.76 m",Timber yard,2.00,Make,"Carry handles bolt through them; Softwood framing (LSK-DDR-003). Price basis: clear softwood about USD 2 per metre at this section (2026 estimate, to confirm)"
8,Stringers and knuckle floor,10,"Softwood (pine, fir or similar, about 500 kg/m3, kiln dried, clear grade) 45 x 20 mm, per metre; six stringers (three per half) and the knuckle floor 40 x 45 across the boat",Timber yard,2.00,Make,"Skid screws go into the side stringers; Softwood framing (LSK-DDR-003). Price basis: clear softwood about USD 2 per metre at this section (2026 estimate, to confirm)"
9,Bench boxes,2,"Marine plywood 4 mm, 1220 x 2440 mm sheet; four bench boxes (face, top, two end caps); bow box wall and deck from 6 mm offcuts",Plywood dealer,55.00,Make,Every face sealed with epoxy before the foam goes in
10,Buoyancy foam,7,"Closed-cell polyethylene foam sheet 2000 x 1000 x 50 mm, about 30 kg/m3, water absorption under 1 % by volume (supplier data to confirm); not polystyrene, not open-cell polyurethane",Packaging foam or fishing float supplier,55.00,Buy,"0.61 m3 net: benches 0.39, bow box 0.17, step float 0.02; the stern quarter modules are line 29. One more sheet than before because the 60 mm wider bottom widens the bench modules (LSK-DDR-003); cut in 50 mm layers, no glue needed"
11,Joint bolts and nut plates,8,"M10 x 80 hex bolt, stainless A4-70, with a 30 mm washer; nut plate 40 x 40 x 3 mm galvanised steel with an M10 nut welded on, two 4 x 20 screws; plus two 12 mm stainless alignment pins (one per four bolts)",Fastener supplier and local welder,5.00,Buy,One 17 mm spanner joins the halves
12,Rub strakes,8,"HDPE strip 15 x 40 mm, per metre; four lengths of 1800 mm",Plastics supplier,4.00,Buy,Screwed through the side into the inwale every 200 mm
13,Bottom skids,8,"HDPE strip 60 x 10 mm, per metre; two per half, forward pair bent over the knuckle",Plastics supplier,4.00,Buy,Stainless 5 x 30 screws into the side stringers every 150 mm
14,Stern step,1,"Hinge rail 40 x 60 x 640 hardwood and transom backing block 20 x 60 x 640; four M8 x 90 stainless bolts; float rim 20 mm hardwood, 9 mm top deck (line 5), 6 mm bottom deck (offcut), foam core (line 10); two heavy stainless strap hinges 100 mm wide; 3 mm rubber flap over the hinge gap; non-slip coating on the deck",Hardware store and timber yard,75.00,Make,Float 450 x 600 x 90 mm
15,Step stop straps and pad eyes,1,"Two 25 mm polyester webbing straps, breaking strength at least 8 kN (to confirm), sewn loops; four stainless pad eyes with bolts",Marine hardware supplier,25.00,Buy,Stop the step 20 deg below level
16,Kick rung,1,"Hardwood or aluminium rung 32 mm diameter x 560 mm on two 25 mm webbing straps, hung 270 mm below the step",Timber yard and webbing supplier,12.00,Make,Rolls up on the step for carrying
17,Transom grab handles,2,"Stainless steel tube grab handle about 250 mm long, 25 mm tube, bolted through the transom top and ring frame",Marine hardware supplier,18.00,Buy,Handholds for boarding; also stern carry handles
18,Carry handles,8,"Grab handle about 200 mm long, glass-filled nylon or stainless, two M6 bolts through the inwale",Marine hardware supplier,8.00,Buy,Two at each end of each half
19,Push pole,1,Two 1.5 m sections of aluminium tube 38 x 1.6 mm with an internal joining sleeve and pin; hardwood fork foot and rubber end cap,Aluminium stockist,45.00,Make,Each section stows inside the aft half
20,Paddles,2,"Paddle about 1.4 m, aluminium shaft, plastic blade",Market or outdoor store,30.00,Buy,Stowed on the aft bench tops
21,Bow eye and bow line,1,Stainless U-bolt M8 with backing plate and nuts through the bow transom and a hardwood pad 20 x 120 x 80; 10 m of 10 mm polyester rope,Marine hardware supplier,22.00,Buy,Tow and doorway holding line
22,Epoxy resin and hardener,7,"Laminating epoxy, per kg, with slow hardener",Boatbuilding supplier,25.00,Buy,"Stitch-and-glue fillets, glass outside, two coats on every plywood face; 1 kg less than before with no glass inside the floor (LSK-DDR-003)"
23,Glass cloth,7,"Woven glass cloth 400 g/m2 on the outside of the bottom and sides, per square metre (about 6.6 m2 plus laps)",Boatbuilding supplier,7.00,Buy,"No glass inside the floor (light timber specification, LSK-DDR-003)"
24,Glass tape,30,"Glass tape 100 mm wide, per metre",Boatbuilding supplier,1.00,Buy,Chines and end seams inside and out
25,Building consumables,1,"Copper stitching wire or cable ties, wood flour and silica fillers, sandpaper, brushes, rollers, gloves",Hardware store,50.00,Buy,
26,Topcoat,2,"Exterior polyurethane or marine enamel, per litre; high-visibility orange topsides, white inside",Hardware store,20.00,Buy,Epoxy needs a UV-resistant topcoat
27,Screws and sealant,1,"Stainless screws for strakes, skids, handles and benches; polyurethane sealant for every hole below the sheer",Fastener supplier,45.00,Buy,
28,Shoulder carry slings,2,"Padded 50 mm webbing sling with two snap hooks, clipped to the two handles at one end of a half",Webbing supplier,15.00,Buy,Takes the half's weight onto the carriers' shoulders
29,Stern quarter foam modules,2,Foam core 250 x 190 x 316 mm (15 L) cut from closed-cell PE foam as line 10 (six 50 mm layers and one 16 mm layer); sewn PVC-coated polyester tarpaulin sleeve 650 g/m2 with laced ends; one 50 mm webbing strap with four stainless screws and penny washers,"Foam supplier, sail or tarpaulin maker, webbing supplier",15.00,Make,"Either side of the step opening, 250 mm clear between them (LSK-DDR-003). Price basis: foam 0.015 m3 at line 10 rates (about USD 8), 0.4 m2 of tarpaulin with sewing (about USD 5), 1 m of webbing and screws (about USD 2)"
